uniprot	site	fluid
P05067	656	
O60241	266	csf
P61073	18	
P16070	180	urine
H0Y4H3	140	csf
Q6UVK1		
O95196	38	csf
P04233	280	urine
O14786	612	
Q8IUK5	33	csf
Q8IUK5	33	urine
Q9NZ53		
Q15256	23	csf
P18827		
P07204	492	
Q9UIK5		
Q9UKP4		
P16112		
O00468		
P98160	4193	csf
P98160	4193	urine
P21810		
Q96GW7	418	csf
Q99715		
P39059	244	urine
P07585	34	csf
P07585	34	urine
Q16363	39	urine
Q16363	40	urine
Q9NR99	702	csf
O14594	373	csf
O14594	381	csf
O14594	411	csf
P10451	234	csf
P10451	308	csf
P10451	234	urine
P10451	308	urine
Q63HQ2		
Q32P28		
Q92752		
Q08629		
Q92563		
Q9BQ16		
P13611	1548	csf
P13727	62	urine
P06307	31	csf
P06307	31	urine
P10645	424	csf
P10645	424	urine
Q6UXH8	385	urine
P81605	30	urine
P81605	38	
Q9NQ30	156	
P09603		
Q8N729	133	csf
Q8N729	133	urine
Q8TB73		
Q92954		
P05060	93	csf
P05060	93	urine
P05060	239	csf
Q8WXD2	37	csf
P10124	94	
P10124	96	
P01266	2749	
Q9BUR5		
P02760	215	csf
P02760	215	urine
Q99574	403	csf