uniprot	uniprot_id	site	pmid
A2AQ25	SKT_MOUSE	S357	1629228
A3KN83	SBNO1_HUMAN	T112	2808371
O00268	TAF4_HUMAN	S528	3200844
O08537	ESR2_MOUSE	S61	7966627
O08984	LBR_RAT	S96	8344946
O14639-3	ABLM1_HUMAN	S136	8344946
O14920	IKKB_HUMAN	S733	8639509
O35927	CTND2_MOUSE	T447	8639509
O35927	CTND2_MOUSE	S453	8702840
O70343	PRGC1_MOUSE	S333	10386995
O70511	O70511_RAT	S1520	12438562
O70511	O70511_RAT	T1768	12438562
O75376	NCOR1_HUMAN	S1487	12684542
O88737	BSN_MOUSE	S1407	14597631
O88737	BSN_MOUSE	S2027	15340146
O88737	BSN_MOUSE	S2188	15340146
O88737	BSN_MOUSE	T1395	15340146
O88737	BSN_MOUSE	T1934	15340146
O88737	BSN_MOUSE	T2054	15340146
O88737	BSN_MOUSE	T2189	15648052
O88737	BSN_MOUSE	T2318	16085713
O88737	BSN_MOUSE	T2524	16244361
O88737	BSN_MOUSE	T2700	16332679
O88737	BSN_MOUSE	T2945	16452088
O88737	BSN_MOUSE	T1354	16452088
O88737	BSN_MOUSE	S1418	16452088
O88737	BSN_MOUSE	S1445	16452088
O88737	BSN_MOUSE	T1517	16452088
O88737	BSN_MOUSE	T1537	16452088
O88737	BSN_MOUSE	T1666	16684529
O88737	BSN_MOUSE	S1707	16964247
O88737	BSN_MOUSE	S1772	17014851
O88737	BSN_MOUSE	T1962	17496889
O88737	BSN_MOUSE	S2029	17496889
O88737	BSN_MOUSE	S2058	17496889
O88737	BSN_MOUSE	S2067	17496889
O88737	BSN_MOUSE	S2068	17496889
O88737	BSN_MOUSE	S2070	17668447
O88737	BSN_MOUSE	S2091	18295358
O88737	BSN_MOUSE	S2141	18295358
O88737	BSN_MOUSE	S2295	18295358
O88737	BSN_MOUSE	T2317	18295358
O88737	BSN_MOUSE	S2694	18295358
O88737	BSN_MOUSE	T2703	18570920
O88737	BSN_MOUSE	T2941	18671940
O88778	BSN_RAT	S2284	18984734
O88778	BSN_RAT	T1339	18984734
O88935	SYN1_MOUSE	S518	18984734
O88935	SYN1_MOUSE	S55	18984734
O88935	SYN1_MOUSE	S578	18984734
O88935	SYN1_MOUSE	T526	18984734
O88935	SYN1_MOUSE	T56	18984734
O88935	SYN1_MOUSE	T564	18984734
O88935	SYN1_MOUSE	T87	18984734
P00915	CAH1_HUMAN	S130	18984734
P00915	CAH1_HUMAN	S218	18984734
P01106	MYC_HUMAN	T58	18984734
P02470	CRYAA_BOVIN	S162	18984734
P02488	CRYAA_MACMU	S168	18984734
P02505	CRYAA_RHEAM	S162	18984734
P02511	CRYAB_HUMAN	T170	18988733
P02545-3	LMNA_HUMAN(P02545-3)	S582	18988896
P02545-3	LMNA_HUMAN(P02545-3)	T613	18988896
P02549	SPTA1_HUMAN	S1250	18988896
P02549	SPTA1_HUMAN	S1737	19004814
P02549	SPTA1_HUMAN	S844	19022411
P02563	MYH6_RAT	S1038	19103600
P02563	MYH6_RAT	S1148	19202066
P02563	MYH6_RAT	S1159	19238206
P02563	MYH6_RAT	S1200	19377461
P02563	MYH6_RAT	S1308	19458039
P02563	MYH6_RAT	S1336	19458039
P02563	MYH6_RAT	S1470	19458039
P02563	MYH6_RAT	S1597	19458039
P02563	MYH6_RAT	S1711	19458039
P02563	MYH6_RAT	S1777	19458039
P02563	MYH6_RAT	S1916	19458039
P02563	MYH6_RAT	S196	19458039
P02563	MYH6_RAT	S392	19458039
P02563	MYH6_RAT	S622	19458039
P02563	MYH6_RAT	S644	19458039
P02563	MYH6_RAT	S749	19458039
P02563	MYH6_RAT	S880	19478079
P02563	MYH6_RAT	T1189	19506079
P02730	B3AT_HUMAN	S162	20068230
P02730	B3AT_HUMAN	S224	20068230
P02730	B3AT_HUMAN	S745	20068230
P03070	LT_SV40	S111	20068230
P03070	LT_SV41	S112	20068230
P04040	CATA_HUMAN	S114	20068230
P04040	CATA_HUMAN	S254	20068230
P04637	P53_HUMAN	S149	20068230
P04797	G3P_RAT	T227	20068230
P05696	KPCA_RAT	T384	20068230
P05783	K1C18_HUMAN	S30	20068230
P05783	K1C18_HUMAN	S31	20068230
P05783	K1C18_HUMAN	S49	20068230
P05787	K2C8_HUMAN	S13	20068230
P05787	K2C8_HUMAN	S15	20068230
P08318	P100_HCMVA	S921	20068230
P08318	P100_HCMVA	S952	20068230
P08551	NFL_MOUSE	S414	20068230
P08551	NFL_MOUSE	S48	20068230
P08553	NFM_MOUSE	S37	20068230
P08553	NFM_MOUSE	S46	20068230
P08553	NFM_MOUSE	T430	20068230
P08553	NFM_MOUSE	T47	20068230
P08670	VIME_HUMAN	S34	20068230
P08670	VIME_HUMAN	S55	20068230
P08670	VIME_HUMAN	S7	20068230
P08670	VIME_HUMAN	T33	20068230
P08733	MLRV_RAT	S15	20068230
P09215	KPCD_RAT	T295	20068230
P09215	KPCD_RAT	T348	20068230
P09216	KPCE_RAT	S132	20068230
P09216	KPCE_RAT	S368	20068230
P09216	KPCE_RAT	S418	20068230
P09216	KPCE_RAT	T453	20068230
P09216	KPCE_RAT	T517	20068230
P09216	KPCE_RAT	T710	20068230
P09217	KPCZ_RAT	T179	20068230
P09951	SYN1_RAT	S103	20068230
P09951	SYN1_RAT	S261	20068230
P09951	SYN1_RAT	S430	20068230
P09951	SYN1_RAT	S516	20068230
P09951	SYN1_RAT	S55	20068230
P09951	SYN1_RAT	S576	20068230
P09951	SYN1_RAT	S96	20068230
P09951	SYN1_RAT	T524	20068230
P09951	SYN1_RAT	T56	20068230
P09951	SYN1_RAT	T562	20068230
P09951	SYN1_RAT	T87	20068230
P10636-8	TAU_HUMAN(P10636-8)	S356	1629228
P11166	GTR1_HUMAN	S465	16452088
P11171	41_HUMAN	S491	10386995
P11171	41_HUMAN	S792	10386995
P11277	SPTB1_HUMAN	S1297	10386995
P11277	SPTB1_HUMAN	S1652	10386995
P11277	SPTB1_HUMAN	S1936	10386995
P11277	SPTB1_HUMAN	S671	10386995
P11277	SPTB1_HUMAN	S767	10995228\ 11150304\ 16984883
P11831	SRF_HUMAN	S277	11226831\10995228\8999954
P11831	SRF_HUMAN	S307	11226831\10995228\8999954
P11831	SRF_HUMAN	S309	11226831\10995228\8999954
P11831	SRF_HUMAN	S313	119458039
P11831	SRF_HUMAN	S316	119458039
P11831	SRF_HUMAN	S383	12438562
P11831	SRF_HUMAN	T401	12438562
P12270	TPR_HUMAN	S1676	12438562
P12839	NFM_RAT	S34	12438562
P12839	NFM_RAT	T19	12684542
P12839	NFM_RAT	T431	1512232
P12839	NFM_RAT	T48	1512232
P15146	MAP2_RAT	S386	1512232
P15822	ZEP1_HUMAN	T2325	1512232
P16157	ANK1_HUMAN	S1162	1512232
P16157	ANK1_HUMAN	S288	15340146\
P16157	ANK1_HUMAN	S960	15340146\17496889
P16157	ANK1_HUMAN	S794	15648052
P16409	MYL3_RAT	T164	15648052
P16409	MYL3_RAT	T93	16332679
P16452	EPB42_HUMAN	S82	16332679
P16884	NFH_RAT	S54	16332679
P16884	NFH_RAT	S56	16332679
P16884	NFH_RAT	T53	16452088
P17767	POLG_PPVRA	T2829	16452088
P17767	POLG_PPVRA	T2834	16452088
P17955	NUP62_RAT	S471	16452088
P18146	EGR1_HUMAN	T119	16452088
P18583-3	SON_HUMAN(P18583-3)	T252	16452088
P19332	TAU_RAT	S711	16452088
P19527	NFL_RAT	S27	16452088
P19527	NFL_RAT	S34	16452088
P19527	NFL_RAT	S48	16452088
P19527	NFL_RAT	T21	16452088
P19785	ESR1_MOUSE	S10	16452088
P19785	ESR1_MOUSE	T50	16452088
P19785	ESR1_MOUSE	T575	16452088\15648052
P21533	RL6_RAT	S265	16452088\15648052
P23693	TNNI3_RAT	S151	16452088\15648052
P23928	CRYAB_RAT	T170	16452088\15648052
P25886	RL29_RAT	S66	16452088\19004831
P28033	CEBPB_MOUSE	S180	16452088\19458039
P28033	CEBPB_MOUSE	S181	16452088\19458039
P28066	PSA5_HUMAN	S198	16452088\19458039
P29972	AQP1_HUMAN	S236	16452088\19458039
P31749	AKT1_HUMAN	S473	16452088\19458039
P31749	AKT1_HUMAN	T308	16452088\19458039
P31750	AKT1_MOUSE	S473	16452088\19458039
P32119	PRDX2_HUMAN	S112	16452088\19458039
P32119	PRDX2_HUMAN	T18	16452088\19458039
P35232	PHB_HUMAN	S121	16684529
P35232	PHB_HUMAN	T258	17014851
P35570	IRS1_RAT	S1036	17496889\11904304
P35658	NU214_HUMAN	S1056	17496889\15340146
P35658	NU214_HUMAN	S1354	17507370
P35658	NU214_HUMAN	T1201	18295358
P35658	NU214_HUMAN	T580	18295358
P37199	NU155_RAT	S525	18295358
P37377	SYUA_RAT	T72	18295358
P37840	SYUA_HUMAN	S87	18295358
P39032	RL36_RAT	S91	18295358
P42229	STA5A_HUMAN	T92	18295358
P49790	NU153_HUMAN	S534	18295358
P49790	NU153_HUMAN	S544	18295358
P49790	NU153_HUMAN	S908	18295358
P49790	NU153_HUMAN	S909	18295358
P49790	NU153_HUMAN	T1112	18295358
P49790	NU153_HUMAN	T1156	18295358
P49792	RBP2_HUMAN	T1399	18323454\18445751
P51610	HCFC1_HUMAN	S1150	18323454\18445751
P51610	HCFC1_HUMAN	S562	18323454\18445751
P51610	HCFC1_HUMAN	S563	18323454\18445751
P51610	HCFC1_HUMAN	S685	18323454\18445751
P51610	HCFC1_HUMAN	S806	18323454\18445751
P51610	HCFC1_HUMAN	T490	18420577\18359296\18405634
P51610	HCFC1_HUMAN	T495	18420577\18359296\18405634
P51610	HCFC1_HUMAN	T579	18445751\17496889
P51610	HCFC1_HUMAN	T726	18984734
P51610	HCFC1_HUMAN	T738	18984734
P51610	HCFC1_HUMAN	T760	18984734
P51610	HCFC1_HUMAN	T800	18984734
P51610	HCFC1_HUMAN	T808	18984734
P51610	HCFC1_HUMAN	T861	18984734
P52948-4	NUP98_HUMAN(P52948-4)	T184	18984734
P52948-4	NUP98_HUMAN(P52948-4)	T550	18984734
P52948-4	NUP98_HUMAN(P52948-4)	T551	18984734
P54939	TLN1_CHICK	T1486	18984734
P54939	TLN1_CHICK	T1889	18984734
P62912	RL32_RAT	S72	18984734
P63319	KPCG_RAT	S639	18984734
P63319	KPCG_RAT	S690	18984734
P63319	KPCG_RAT	T591	18984734
P63319	KPCG_RAT	T689	18984734
P63319	KPCG_RAT	T82	18984734
P68035	ACTC_RAT	S157	18984734
P68035	ACTC_RAT	S201	18984734
P68035	ACTC_RAT	S234	18984734
P68035	ACTC_RAT	S325	18988733
P68035	ACTC_RAT	S370	18988896
P68035	ACTC_RAT	S54	18988896
P68403	KPCB_RAT	S206	18988896
P68403	KPCB_RAT	T387	18988896
P68403	KPCB_RAT	T635	18988896
P68431	H31_HUMAN	S11	18988896
P68871	HBB_HUMAN	S50	18988896
P68871	HBB_HUMAN	S73	18988896
P68871	HBB_HUMAN	T85	18988896
P69905	HBA_HUMAN	S134	18988896
P69905	HBA_HUMAN	S36	18988896
P69905	HBA_HUMAN	S4	18988896
P70365	NCOA1_MOUSE	T401	18988896
P78417	GSTO1_HUMAN	S13	18988896
P97836	DLGP1_RAT	T525	18988896
P97836	DLGP1_RAT	T526	18988896
Q00566	MECP2_RAT	T434	18988896
Q00566	MECP2_RAT	T443	18988896
Q01082	SPTB2_HUMAN	S2324	18988896
Q01714	SP1_RAT	S613	18988896
Q01714	SP1_RAT	S642	18988896
Q01714	SP1_RAT	S699	18988896
Q01714	SP1_RAT	S703	18988896
Q01714	SP1_RAT	T641	18988896
Q04206	TF65_HUMAN	T322	19004831
Q04206	TF65_HUMAN	T352	19004831
Q04637	IF4G1_HUMAN	S60	19004831
Q09666	AHNK_HUMAN	S5603	19004831
Q12778	FOXO1_HUMAN	S550	19004831
Q12778	FOXO1_HUMAN	S654	19103600
Q12778	FOXO1_HUMAN	T317	19103600\18420577\18359296\18405634
Q12778	FOXO1_HUMAN	T648	19238206
Q12830	BPTF_HUMAN	S1749	19458039
Q12830	BPTF_HUMAN	S2081	19458039
Q12830	BPTF_HUMAN	T1753	19458039
Q12830	BPTF_HUMAN	T2094	19458039
Q12830	BPTF_HUMAN	T2103	19458039
Q14157	UBP2L_HUMAN	T782	19458039
Q14157	UBP2L_HUMAN	T783	19458039
Q14684	RRP1B_HUMAN	S731	19458039
Q14814	MEF2D_HUMAN	S275	19458039
Q14980	NUMA1_HUMAN	S1844	19458039
Q16566	KCC4_HUMAN	S137	19458039
Q16566	KCC4_HUMAN	S189	19458039
Q16566	KCC4_HUMAN	S344	19458039
Q16566	KCC4_HUMAN	S356	19458039
Q16566	KCC4_HUMAN	T57	19458039
Q2KHR3	QSER1_HUMAN	T104	19458039
Q3UHF7	ZEP2_MOUSE	S1271	19458039
Q4KLH5	AGFG1_RAT	S367	19458039
Q4V8E1	Q4V8E1_RAT	S584	19458039
Q53ET0	CRTC2_HUMAN	S127	19458039
Q53ET0	CRTC2_HUMAN	S128	19458039
Q53ET0	CRTC2_HUMAN	S171	19458039
Q53ET0	CRTC2_HUMAN	S173	19458039
Q53ET0	CRTC2_HUMAN	S70	19458039
Q53ET0	CRTC2_HUMAN	T37	19458039
Q562A2	ZFR_RAT	S195	19458039
Q5VT52	RPRD2_HUMAN	S399	19458039
Q5VT52	RPRD2_HUMAN	T400	19458039
Q60974	NCOR1_MOUSE	S1496	19458039\16452088
Q62261	SPTB2_MOUSE	S2323	19458039
Q62417	SRBS1_MOUSE	S1199	19458039
Q62417	SRBS1_MOUSE	S1200	19458039
Q62417	SRBS1_MOUSE	S1201	19458039
Q62600	NOS3_RAT	S1178	19458039
Q63544	SYUG_RAT	S67	19458039
Q63544	SYUG_RAT	T27	19458039
Q69ZX8	ABLM3_MOUSE	S383	19478079
Q69ZX8	ABLM3_MOUSE	S419	19506079
Q69ZX8	ABLM3_MOUSE	S423	19506079
Q69ZX8	ABLM3_MOUSE	S534	19506079
Q69ZX8	ABLM3_MOUSE	S546	19506079
Q69ZX8	ABLM3_MOUSE	S547	20068230
Q6MZP7	LIN54_HUMAN	S238	20068230
Q6P4R8	NFRKB_HUMAN	T750	20068230
Q6P4R8	NFRKB_HUMAN	T841	20068230
Q6PJT7	ZC3HE_HUMAN	T369	20068230
Q70E73	RAPH1_HUMAN	T784	20068230
Q75NR7	RECQ4_MOUSE	S385	20068230
Q7TQD2	TPPP_MOUSE	S151	20068230
Q7Z3J3	RGPD4_HUMAN	S919	20068230
Q7Z3K3-2	POGZ_HUMAN(Q7Z3K3-2)	S191	20068230
Q7Z589	EMSY_HUMAN	S228	20068230
Q7Z589	EMSY_HUMAN	S236	20068230
Q7Z589	EMSY_HUMAN	S556	20068230
Q7Z589	EMSY_HUMAN	T1120	20068230
Q7Z589	EMSY_HUMAN	T501	20068230
Q7Z589	EMSY_HUMAN	T506	20068230
Q7Z589	EMSY_HUMAN	T534	20068230
Q7Z739	YTHD3_HUMAN	T205	20068230
Q80Z38	SHAN2_MOUSE	T1292	20068230
Q8BHY1	SKT_MOUSE	S357	20068230
Q8BMB0	EMSY_MOUSE	T499	20068230
Q8BYK6	YTHD3_MOUSE	T201	20068230
Q8C2Q3	RBM14_MOUSE	S278	20068230
Q8CC35	SYNPO_MOUSE	S403	20068230
Q8CHP6	PHC3_MOUSE	T238	20068230
Q8IWI9	MGAP_HUMAN	S1557	20068230
Q8IZD2	MLL5_HUMAN	T440	20068230
Q8K4G5	ABLM1_MOUSE	S496	20068230
Q8K4G5	ABLM1_MOUSE	S499	20068230
Q8N3V7	SYNPO_HUMAN	S165	20068230
Q8NDX5	PHC3_HUMAN	T283	20068230
Q8VIJ5	NCOAT_RAT	S405	20068230
Q8WWM7	ATX2L_HUMAN	S678	20068230
Q8WWM7	ATX2L_HUMAN	S684	20068230
Q8WXI9	P66B_HUMAN	S584	20068230
Q92750	TAF4B_HUMAN	S489	20068230
Q96HA1	P121A_HUMAN	S738	20068230
Q96HA1	P121A_HUMAN	T693	20068230
Q96KR1	ZFR_HUMAN	S148	20068230
Q96KR1	ZFR_HUMAN	S195	20068230
Q96KR1	ZFR_HUMAN	T202	20068230
Q96KX2	CAZA3_HUMAN	T2	20068230
Q96PK6	RBM14_HUMAN	S244	20068230
Q96PK6	RBM14_HUMAN	S254	20068230
Q96PK6	RBM14_HUMAN	S256	20068230
Q96PK6	RBM14_HUMAN	S280	20068230
Q96Q06	PLIN4_HUMAN	S704	20068230
Q96T58	MINT_HUMAN	S2811	20068230
Q96T58	MINT_HUMAN	T2529	20068230
Q96T58	MINT_HUMAN	T2924	20068230
Q99808	S29A1_HUMAN	S63	20068230
Q9BYJ9	YTHD1_HUMAN	S196	20068230
Q9DC69	NDUA9_MOUSE	S156	20068230
Q9EQZ7	RIMS2_MOUSE	S1528	7538124
Q9HAU0	PKHA5_HUMAN	S382	7538124
Q9NR12-4	PDLI7_HUMAN(Q9NR12-4)	S89	7538124\17084817
Q9NXV6	CARF_HUMAN	S348	7642555\15340146
Q9NXV6	CARF_HUMAN	T322	7966627
Q9NYV4	CDK12_HUMAN	S597	8344946
Q9NYV4	CDK12_HUMAN	T592	8344946
Q9P2N5	RBM27_HUMAN	S546	8702840
Q9P2N6	K1310_HUMAN	T860	8702840
Q9QYX6	PCLO_MOUSE	S2596	8702840
Q9QYX6	PCLO_MOUSE	S2930	8702840
Q9QYX6	PCLO_MOUSE	S2963	8702840
Q9QYX6	PCLO_MOUSE	T2656	8702840
Q9QYX6	PCLO_MOUSE	T2859	9499386
Q9QYX6	PCLO_MOUSE	T2860	unpublished
Q9QYX6	PCLO_MOUSE	T2948	unpublished
Q9QYX6	PCLO_MOUSE	S2634	unpublished
Q9QYX6	PCLO_MOUSE	T2639	unpublished
Q9QYX6	PCLO_MOUSE	T3873	unpublished
Q9QYX7	PCLO_MOUSE	S2596	unpublished
Q9QYX7	PCLO_MOUSE	S2930	unpublished
Q9QYX7	PCLO_MOUSE	S2963	unpublished
Q9QYX7	PCLO_MOUSE	T2656	unpublished
Q9QYX7	PCLO_MOUSE	T2859	unpublished
Q9QYX7	PCLO_MOUSE	T2860	unpublished
Q9QYX7	PCLO_MOUSE	T2948	unpublished
Q9QYX7	PCLO_MOUSE	S2634	unpublished
Q9QYX7	PCLO_MOUSE	T2639	unpublished
Q9QYX7	PCLO_MOUSE	T3873	unpublished
Q9R064	GORS2_RAT	T426	unpublished
Q9UKD1	GMEB2_HUMAN	T404	unpublished
Q9UKY1	ZHX1_HUMAN	S450	unpublished
Q9UQ35	SRRM2_HUMAN	S2236	unpublished
Q9WV69	DEMA_MOUSE	S285	unpublished
Q9Y2X9	ZN281_HUMAN	S891	unpublished
Q9Y520	BA2L2_HUMAN	T2243	unpublished
Q9Y520	BA2L2_HUMAN	T2694	
Q9Z1Z9	PDLI7_RAT	S89	
